POLYGON_RCRD_ID,INVENTORY_STANDARD,MEASUREMENT_YEAR,FIZ,BEC_ZONE,PCT_STOCKABLE,NON_PROD_DESC,YIELD_FACTOR 
188943,"V",1997,,"AT",,,
188944,"V",1997,,"AT",,,
188975,"V",1997,,"AT",,,
188990,"V",1997,,"AT",,,
188995,"V",1997,,"AT",,,
189006,"V",1997,,"AT",,,
189025,"V",1997,,"AT",,,
189029,"V",1997,,"AT",,,
189032,"V",1997,,"AT",,,
189049,"V",1997,,"AT",,,
189070,"V",1997,,"AT",,,
189071,"V",1997,,"AT",,,
189095,"V",1997,,"AT",,,
189098,"V",1997,,"AT",,,
189100,"V",1997,,"AT",,,
189111,"V",1997,,"AT",,,
189113,"V",1997,,"AT",,,
189130,"V",1997,,"AT",,,
189134,"V",1997,,"AT",,,
189143,"V",1997,,"AT",,,
189149,"V",1997,,"AT",,,
189153,"V",1997,,"AT",,,
189154,"V",1997,,"AT",,,
189155,"V",1997,,"AT",,,
189166,"V",1997,,"AT",,,
189185,"V",1997,,"AT",,,
189188,"V",1997,,"AT",,,
189190,"V",1997,,"AT",,,
189206,"V",1997,,"AT",,,
189213,"V",1997,,"AT",,,
189214,"V",1997,,"AT",,,
189222,"V",1997,,"AT",,,
189251,"V",1997,,"AT",,,
189253,"V",1997,,"AT",,,
189273,"V",1997,,"AT",,,
189275,"V",1997,,"AT",,,
189288,"V",1997,,"AT",,,
189289,"V",1997,,"AT",,,
189295,"V",1997,,"AT",,,
189298,"V",1997,,"AT",,,
189313,"V",1997,,"AT",,,
189319,"V",1997,,"AT",,,
189324,"V",1997,,"AT",,,
189328,"V",1997,,"AT",,,
189329,"V",1997,,"AT",,,
189334,"V",1997,,"AT",,,
189342,"V",1997,,"AT",,,
189343,"V",1997,,"AT",,,
189348,"V",1997,,"AT",,,
189350,"V",1997,,"AT",,,
189352,"V",1997,,"AT",,,
189358,"V",1997,,"AT",,,
189371,"V",1997,,"AT",,,
189391,"V",1997,,"AT",,,
189392,"V",1997,,"AT",,,
189412,"V",1997,,"AT",,,
189413,"V",1997,,"AT",,,
189431,"V",1997,,"AT",,,
189432,"V",1997,,"AT",,,
189433,"V",1997,,"AT",,,
189436,"V",1997,,"AT",,,
189442,"V",1997,,"AT",,,
189466,"V",1997,,"AT",,,
189485,"V",1997,,"AT",,,
189491,"V",1997,,"AT",,,
189501,"V",1997,,"AT",,,
189505,"V",1997,,"AT",,,
189520,"V",1997,,"AT",,,
189521,"V",1997,,"AT",,,
189522,"V",1997,,"AT",,,
189536,"V",1997,,"AT",,,
189554,"V",1997,,"AT",,,
189567,"V",1997,,"AT",,,
189572,"V",1997,,"AT",,,
189579,"V",1997,,"AT",,,
189594,"V",1997,,"AT",,,
189599,"V",1997,,"AT",,,
189640,"V",1997,,"AT",,,
189662,"V",1997,,"AT",,,
189667,"V",1997,,"AT",,,
189674,"V",1997,,"AT",,,
189675,"V",1997,,"AT",,,
189684,"V",1997,,"AT",,,
189689,"V",1997,,"AT",,,
189701,"V",1997,,"AT",,,
189705,"V",1997,,"AT",,,
189715,"V",1997,,"AT",,,
189718,"V",1997,,"AT",,,
189719,"V",1997,,"AT",,,
189721,"V",1997,,"AT",,,
189736,"V",1997,,"AT",,,
189737,"V",1997,,"AT",,,
189749,"V",1997,,"AT",,,
189751,"V",1997,,"AT",,,
189840,"F",1987,,"AT",,,
189915,"F",1987,,"AT",,,
189989,"F",1987,,"AT",,,
190001,"F",1987,,"AT",,,
190034,"F",1987,,"AT",,,
190092,"F",1987,,"AT",,,
190109,"F",1987,,"AT",,,
190113,"F",1992,,"AT",,,
190120,"F",1987,,"AT",,,
190149,"F",1987,,"AT",,,
190225,"V",1997,,"AT",,,
190254,"V",1997,,"AT",,,
190313,"V",1997,,"AT",,,
190404,"V",1997,,"AT",,,
190419,"V",1997,,"AT",,,
190433,"V",1997,,"AT",,,
190464,"V",1997,,"AT",,,
190471,"V",1997,,"AT",,,
190472,"V",1997,,"AT",,,
190485,"V",1997,,"AT",,,
190496,"V",1997,,"AT",,,
190520,"V",1997,,"AT",,,
190531,"V",1997,,"AT",,,
190661,"V",1997,,"AT",,,
190677,"V",1997,,"AT",,,
190689,"V",1997,,"AT",,,
190768,"V",1997,,"AT",,,
190769,"V",1997,,"AT",,,
190778,"V",1997,,"AT",,,
190854,"V",1997,,"AT",,,
190867,"V",1997,,"AT",,,
190929,"V",1997,,"AT",,,
190941,"V",1997,,"AT",,,
191012,"V",1997,,"AT",,,
191020,"V",1997,,"AT",,,
191049,"V",1997,,"AT",,,
191075,"V",1997,,"AT",,,
191124,"V",1997,,"AT",,,
191127,"V",1997,,"AT",,,
191169,"V",1997,,"AT",,,
191179,"V",1997,,"AT",,,
191237,"V",1997,,"AT",,,
191244,"V",1997,,"AT",,,
191357,"V",1997,,"AT",,,
196905,"V",1997,,"AT",,,
196906,"V",1997,,"AT",,,
196907,"V",1997,,"AT",,,
196908,"V",1997,,"AT",,,
196909,"V",1997,,"AT",,,
196910,"V",1997,,"AT",,,
196911,"V",1997,,"AT",,,
196912,"V",1997,,"AT",,,
196913,"V",1997,,"AT",,,
196914,"V",1997,,"AT",,,
196915,"V",1997,,"AT",,,
196916,"V",1997,,"AT",,,
196917,"V",1997,,"AT",,,
196918,"V",1997,,"AT",,,
196919,"V",1997,,"AT",,,
196920,"V",1997,,"AT",,,
196921,"V",1997,,"AT",,,
196922,"V",1997,,"AT",,,
196923,"V",1997,,"AT",,,
196924,"V",1997,,"AT",,,
196925,"V",1997,,"AT",,,
196926,"V",1997,,"AT",,,
196927,"V",1997,,"AT",,,
196928,"V",1997,,"AT",,,
196929,"V",1997,,"AT",,,
196930,"V",1997,,"AT",,,
196931,"V",1997,,"AT",,,
196932,"V",1997,,"AT",,,
196933,"V",1997,,"AT",,,
196934,"V",1997,,"AT",,,
196935,"V",1997,,"AT",,,
196936,"V",1997,,"AT",,,
196937,"V",1997,,"AT",,,
196938,"V",1997,,"AT",,,
196939,"V",1997,,"AT",,,
196940,"V",1997,,"AT",,,
196941,"V",1997,,"AT",,,
196942,"V",1997,,"AT",,,
196943,"V",1997,,"AT",,,
196944,"V",1997,,"AT",,,
196945,"V",1997,,"AT",,,
196946,"V",1997,,"AT",,,
196947,"V",1997,,"AT",,,
196948,"V",1997,,"AT",,,
196949,"V",1997,,"AT",,,
196950,"V",1997,,"AT",,,
196951,"V",1997,,"AT",,,
196952,"V",1997,,"AT",,,
196953,"V",1997,,"AT",,,
196954,"V",1997,,"AT",,,
196955,"V",1997,,"AT",,,
196956,"V",1997,,"AT",,,
196957,"V",1997,,"AT",,,
196958,"V",1997,,"AT",,,
196959,"V",1997,,"AT",,,
196960,"V",1997,,"AT",,,
196961,"V",1997,,"AT",,,
196962,"V",1997,,"AT",,,
196963,"V",1997,,"AT",,,
196964,"V",1997,,"AT",,,
196965,"V",1997,,"AT",,,
196966,"V",1997,,"AT",,,
196967,"V",1997,,"AT",,,
196968,"V",1997,,"AT",,,
196969,"V",1997,,"AT",,,
196970,"V",1997,,"AT",,,
196972,"V",1997,,"AT",,,
196973,"V",1997,,"AT",,,
196974,"V",1997,,"AT",,,
196975,"V",1997,,"AT",,,
196976,"V",1997,,"AT",,,
196977,"V",1997,,"AT",,,
196978,"V",1997,,"AT",,,
196979,"V",1997,,"AT",,,
196980,"V",1997,,"AT",,,
196981,"V",1997,,"AT",,,
196982,"V",1997,,"AT",,,
196983,"V",1997,,"AT",,,
196984,"V",1997,,"AT",,,
196985,"V",1997,,"AT",,,
196986,"V",1997,,"AT",,,
196987,"V",1997,,"AT",,,
196988,"V",1997,,"AT",,,
196989,"V",1997,,"AT",,,
196990,"V",1997,,"AT",,,
196991,"V",1997,,"AT",,,
196992,"V",1997,,"AT",,,
196993,"V",1997,,"AT",,,
196994,"V",1997,,"AT",,,
196995,"V",1997,,"AT",,,
196997,"V",1997,,"AT",,,
196998,"V",1997,,"AT",,,
196999,"V",1997,,"AT",,,
197000,"V",1997,,"AT",,,
197001,"V",1997,,"AT",,,
197002,"V",1997,,"AT",,,
197003,"V",1997,,"AT",,,
197004,"V",1997,,"AT",,,
197005,"V",1997,,"AT",,,
197006,"V",1997,,"AT",,,
197007,"V",1997,,"AT",,,
197008,"V",1997,,"AT",,,
197009,"V",1997,,"AT",,,
197010,"V",1997,,"AT",,,
197011,"V",1997,,"AT",,,
197012,"V",1997,,"AT",,,
197013,"V",1997,,"AT",,,
197014,"V",1997,,"AT",,,
197015,"V",1997,,"AT",,,
197016,"V",1997,,"AT",,,
197017,"V",1997,,"AT",,,
197018,"V",1997,,"AT",,,
197019,"V",1997,,"AT",,,
197020,"V",1997,,"AT",,,
197021,"V",1997,,"AT",,,
197022,"V",1997,,"AT",,,
197023,"V",1997,,"AT",,,
197024,"V",1997,,"AT",,,
197025,"V",1997,,"AT",,,
197026,"V",1997,,"AT",,,
197027,"V",1997,,"AT",,,
197029,"V",1997,,"AT",,,
197030,"V",1997,,"AT",,,
197031,"V",1997,,"AT",,,
197032,"V",1997,,"AT",,,
197033,"V",1997,,"AT",,,
197034,"V",1997,,"AT",,,
197035,"V",1997,,"AT",,,
197036,"V",1997,,"AT",,,
197037,"V",1997,,"AT",,,
197038,"V",1997,,"AT",,,
197039,"V",1997,,"AT",,,
197040,"V",1997,,"AT",,,
197042,"V",1997,,"AT",,,
197043,"V",1997,,"AT",,,
197044,"V",1997,,"AT",,,
197045,"V",1997,,"AT",,,
197046,"V",1997,,"AT",,,
197047,"V",1997,,"AT",,,
197049,"V",1997,,"AT",,,
197050,"V",1997,,"AT",,,
197051,"V",1997,,"AT",,,
197052,"V",1997,,"AT",,,
197053,"V",1997,,"AT",,,
197054,"V",1997,,"AT",,,
197055,"V",1997,,"AT",,,
197056,"V",1997,,"AT",,,
197057,"V",1997,,"AT",,,
197058,"V",1997,,"AT",,,
197060,"V",1997,,"AT",,,
197061,"V",1997,,"AT",,,
197062,"V",1997,,"AT",,,
197063,"V",1997,,"AT",,,
197064,"V",1997,,"AT",,,
197065,"V",1997,,"AT",,,
197066,"V",1997,,"AT",,,
197067,"V",1997,,"AT",,,
197068,"V",1997,,"AT",,,
197069,"V",1997,,"AT",,,
197070,"V",1997,,"AT",,,
197071,"V",1997,,"AT",,,
197072,"V",1997,,"AT",,,
197073,"V",1997,,"AT",,,
197074,"V",1997,,"AT",,,
197075,"V",1997,,"AT",,,
197077,"V",1997,,"AT",,,
197078,"V",1997,,"AT",,,
197079,"V",1997,,"AT",,,
197081,"V",1997,,"AT",,,
197082,"V",1997,,"AT",,,
197083,"V",1997,,"AT",,,
197084,"V",1997,,"AT",,,
197085,"V",1997,,"AT",,,
197086,"V",1997,,"AT",,,
197087,"V",1997,,"AT",,,
197088,"V",1997,,"AT",,,
197089,"V",1997,,"AT",,,
197090,"V",1997,,"AT",,,
197091,"V",1997,,"AT",,,
197092,"V",1997,,"AT",,,
197093,"V",1997,,"AT",,,
197094,"V",1997,,"AT",,,
197095,"V",1997,,"AT",,,
197096,"V",1997,,"AT",,,
197097,"V",1997,,"AT",,,
197098,"V",1997,,"AT",,,
197099,"V",1997,,"AT",,,
197100,"V",1997,,"AT",,,
197101,"V",1997,,"AT",,,
197102,"V",1997,,"AT",,,
197103,"V",1997,,"AT",,,
197104,"V",1997,,"AT",,,
197105,"V",1997,,"AT",,,
197106,"V",1997,,"AT",,,
197107,"V",1997,,"AT",,,
197108,"V",1997,,"AT",,,
197109,"V",1997,,"AT",,,
197110,"V",1997,,"AT",,,
197111,"V",1997,,"AT",,,
197112,"V",1997,,"AT",,,
197113,"V",1997,,"AT",,,
197114,"V",1997,,"AT",,,
197115,"V",1997,,"AT",,,
197116,"V",1997,,"AT",,,
197117,"V",1997,,"AT",,,
197118,"V",1997,,"AT",,,
197119,"V",1997,,"AT",,,
197120,"V",1997,,"AT",,,
197121,"V",1997,,"AT",,,
197122,"V",1997,,"AT",,,
197123,"V",1997,,"AT",,,
197124,"V",1997,,"AT",,,
197125,"V",1997,,"AT",,,
197126,"V",1997,,"AT",,,
197127,"V",1997,,"AT",,,
197128,"V",1997,,"AT",,,
197129,"V",1997,,"AT",,,
197130,"V",1997,,"AT",,,
197131,"V",1997,,"AT",,,
197132,"V",1997,,"AT",,,
197133,"V",1997,,"AT",,,
197134,"V",1997,,"AT",,,
197136,"V",1997,,"AT",,,
197137,"V",1997,,"AT",,,
197138,"V",1997,,"AT",,,
197139,"V",1997,,"AT",,,
197140,"V",1997,,"AT",,,
197141,"V",1997,,"AT",,,
197142,"V",1997,,"AT",,,
197143,"V",1997,,"AT",,,
197144,"V",1997,,"AT",,,
197145,"V",1997,,"AT",,,
197146,"V",1997,,"AT",,,
197147,"V",1997,,"AT",,,
197148,"V",1997,,"AT",,,
197149,"V",1997,,"AT",,,
197150,"V",1997,,"AT",,,
197151,"V",1997,,"AT",,,
197152,"V",1997,,"AT",,,
197153,"V",1997,,"AT",,,
197154,"V",1997,,"AT",,,
197155,"V",1997,,"AT",,,
197156,"V",1997,,"AT",,,
197157,"V",1997,,"AT",,,
197158,"V",1997,,"AT",,,
197159,"V",1997,,"AT",,,
197160,"V",1997,,"AT",,,
197161,"V",1997,,"AT",,,
197162,"V",1997,,"AT",,,
197163,"V",1997,,"AT",,,
197164,"V",1997,,"AT",,,
197165,"V",1997,,"AT",,,
197166,"V",1997,,"AT",,,
197167,"V",1997,,"AT",,,
197168,"V",1997,,"AT",,,
197169,"V",1997,,"AT",,,
197170,"V",1997,,"AT",,,
197171,"V",1997,,"AT",,,
197172,"V",1997,,"AT",,,
197173,"V",1997,,"AT",,,
197174,"V",1997,,"AT",,,
197176,"V",1997,,"AT",,,
197177,"V",1997,,"AT",,,
197178,"V",1997,,"AT",,,
197179,"V",1997,,"AT",,,
197180,"V",1997,,"AT",,,
197181,"V",1997,,"AT",,,
197182,"V",1997,,"AT",,,
197183,"V",1997,,"AT",,,
197184,"V",1997,,"AT",,,
197185,"V",1997,,"AT",,,
197186,"V",1997,,"AT",,,
197187,"V",1997,,"AT",,,
197188,"V",1997,,"AT",,,
197189,"V",1997,,"AT",,,
197190,"V",1997,,"AT",,,
197191,"V",1997,,"AT",,,
197192,"V",1997,,"AT",,,
197193,"V",1997,,"AT",,,
197194,"V",1997,,"AT",,,
197195,"V",1997,,"AT",,,
197196,"V",1997,,"AT",,,
197197,"V",1997,,"AT",,,
197198,"V",1997,,"AT",,,
197199,"V",1997,,"AT",,,
197200,"V",1997,,"AT",,,
197201,"V",1997,,"AT",,,
197202,"V",1997,,"AT",,,
197203,"V",1997,,"AT",,,
197204,"V",1997,,"AT",,,
197205,"V",1997,,"AT",,,
197206,"V",1997,,"AT",,,
197207,"V",1997,,"AT",,,
197208,"V",1997,,"AT",,,
197209,"V",1997,,"AT",,,
197210,"V",1997,,"AT",,,
197211,"V",1997,,"AT",,,
197212,"V",1997,,"AT",,,
197213,"V",1997,,"AT",,,
197214,"V",1997,,"AT",,,
197215,"V",1997,,"AT",,,
197216,"V",1997,,"AT",,,
197217,"V",1997,,"AT",,,
197218,"V",1997,,"AT",,,
197219,"V",1997,,"AT",,,
197221,"V",1997,,"AT",,,
197222,"V",1997,,"AT",,,
197223,"V",1997,,"AT",,,
197224,"V",1997,,"AT",,,
197225,"V",1997,,"AT",,,
197226,"V",1997,,"AT",,,
197227,"V",1997,,"AT",,,
197228,"V",1997,,"AT",,,
197229,"V",1997,,"AT",,,
197230,"V",1997,,"AT",,,
197231,"V",1997,,"AT",,,
197232,"V",1997,,"AT",,,
197233,"V",1997,,"AT",,,
197234,"V",1997,,"AT",,,
197235,"V",1997,,"AT",,,
197236,"V",1997,,"AT",,,
197237,"V",1997,,"AT",,,
197238,"V",1997,,"AT",,,
197240,"V",1997,,"AT",,,
197242,"V",1997,,"AT",,,
197243,"V",1997,,"AT",,,
197244,"V",1997,,"AT",,,
197245,"V",1997,,"AT",,,
197246,"V",1997,,"AT",,,
197247,"V",1997,,"AT",,,
197248,"V",1997,,"AT",,,
197249,"V",1997,,"AT",,,
197250,"V",1997,,"AT",,,
197251,"V",1997,,"AT",,,
197252,"V",1997,,"AT",,,
197253,"V",1997,,"AT",,,
197254,"V",1997,,"AT",,,
197255,"V",1997,,"AT",,,
197256,"V",1997,,"AT",,,
197257,"V",1997,,"AT",,,
197258,"V",1997,,"AT",,,
197259,"V",1997,,"AT",,,
197260,"V",1997,,"AT",,,
197261,"V",1997,,"AT",,,
197262,"V",1997,,"AT",,,
197263,"V",1997,,"AT",,,
197264,"V",1997,,"AT",,,
197265,"V",1997,,"AT",,,
197266,"V",1997,,"AT",,,
197267,"V",1997,,"AT",,,
197268,"V",1997,,"AT",,,
197270,"V",1997,,"AT",,,
197271,"V",1997,,"AT",,,
197272,"V",1997,,"AT",,,
197273,"V",1997,,"AT",,,
197274,"V",1997,,"AT",,,
197275,"V",1997,,"AT",,,
197276,"V",1997,,"AT",,,
197277,"V",1997,,"AT",,,
197278,"V",1997,,"AT",,,
197279,"V",1997,,"AT",,,
197280,"V",1997,,"AT",,,
197281,"V",1997,,"AT",,,
197282,"V",1997,,"AT",,,
197283,"V",1997,,"AT",,,
197284,"V",1997,,"AT",,,
197285,"V",1997,,"AT",,,
197286,"V",1997,,"AT",,,
197287,"V",1997,,"AT",,,
197288,"V",1997,,"AT",,,
197290,"V",1997,,"AT",,,
197291,"V",1997,,"AT",,,
197292,"V",1997,,"AT",,,
197293,"V",1997,,"AT",,,
197294,"V",1997,,"AT",,,
197295,"V",1997,,"AT",,,
197296,"V",1997,,"AT",,,
197297,"V",1997,,"AT",,,
197298,"V",1997,,"AT",,,
197299,"V",1997,,"AT",,,
197300,"V",1997,,"AT",,,
197301,"V",1997,,"AT",,,
197302,"V",1997,,"AT",,,
197303,"V",1997,,"AT",,,
197304,"V",1997,,"AT",,,
197305,"V",1997,,"AT",,,
197306,"V",1997,,"AT",,,
197308,"V",1997,,"AT",,,
197310,"V",1997,,"AT",,,
197311,"V",1997,,"AT",,,
197312,"V",1997,,"AT",,,
197313,"V",1997,,"AT",,,
197314,"V",1997,,"AT",,,
197315,"V",1997,,"AT",,,
197316,"V",1997,,"AT",,,
197317,"V",1997,,"AT",,,
197318,"V",1997,,"AT",,,
197319,"V",1997,,"AT",,,
197320,"V",1997,,"AT",,,
197321,"V",1997,,"AT",,,
197322,"V",1997,,"AT",,,
197323,"V",1997,,"AT",,,
197324,"V",1997,,"AT",,,
197325,"V",1997,,"AT",,,
197326,"V",1997,,"AT",,,
197327,"V",1997,,"AT",,,
197328,"V",1997,,"AT",,,
197329,"V",1997,,"AT",,,
197330,"V",1997,,"AT",,,
197331,"V",1997,,"AT",,,
197332,"V",1997,,"AT",,,
197333,"V",1997,,"AT",,,
197334,"V",1997,,"AT",,,
197335,"V",1997,,"AT",,,
197336,"V",1997,,"AT",,,
197337,"V",1997,,"AT",,,
197338,"V",1997,,"AT",,,
197339,"V",1997,,"AT",,,
197340,"V",1997,,"AT",,,
197341,"V",1997,,"AT",,,
197342,"V",1997,,"AT",,,
197343,"V",1997,,"AT",,,
197344,"V",1997,,"AT",,,
197345,"V",1997,,"AT",,,
197346,"V",1997,,"AT",,,
197347,"V",1997,,"AT",,,
197348,"V",1997,,"AT",,,
197349,"V",1997,,"AT",,,
197350,"V",1997,,"AT",,,
197351,"V",1997,,"AT",,,
197352,"V",1997,,"AT",,,
197353,"V",1997,,"AT",,,
197354,"V",1997,,"AT",,,
197355,"V",1997,,"AT",,,
197356,"V",1997,,"AT",,,
197357,"V",1997,,"AT",,,
197358,"V",1997,,"AT",,,
197359,"V",1997,,"AT",,,
197360,"V",1997,,"AT",,,
197361,"V",1997,,"AT",,,
197362,"V",1997,,"AT",,,
197363,"V",1997,,"AT",,,
197364,"V",1997,,"AT",,,
197365,"V",1997,,"AT",,,
197366,"V",1997,,"AT",,,
197367,"V",1997,,"AT",,,
197368,"V",1997,,"AT",,,
197369,"V",1997,,"AT",,,
197370,"V",1997,,"AT",,,
197371,"V",1997,,"AT",,,
197372,"V",1997,,"AT",,,
197373,"V",1997,,"AT",,,
197374,"V",1997,,"AT",,,
197375,"V",1997,,"AT",,,
197376,"V",1997,,"AT",,,
197377,"V",1997,,"AT",,,
197378,"V",1997,,"AT",,,
197379,"V",1997,,"AT",,,
197380,"V",1997,,"AT",,,
197381,"V",1997,,"AT",,,
197382,"V",1997,,"AT",,,
197383,"V",1997,,"AT",,,
197384,"V",1997,,"AT",,,
197385,"V",1997,,"AT",,,
197386,"V",1997,,"AT",,,
197387,"V",1997,,"AT",,,
197388,"V",1997,,"AT",,,
197389,"V",1997,,"AT",,,
197390,"V",1997,,"AT",,,
197391,"V",1997,,"AT",,,
197392,"V",1997,,"AT",,,
197394,"V",1997,,"AT",,,
197395,"V",1997,,"AT",,,
197396,"V",1997,,"AT",,,
197397,"V",1997,,"AT",,,
197398,"V",1997,,"AT",,,
197399,"V",1997,,"AT",,,
197400,"V",1997,,"AT",,,
197401,"V",1997,,"AT",,,
197402,"V",1997,,"AT",,,
197403,"V",1997,,"AT",,,
197404,"V",1997,,"AT",,,
197405,"V",1997,,"AT",,,
197406,"V",1997,,"AT",,,
197407,"V",1997,,"AT",,,
197408,"V",1997,,"AT",,,
197409,"V",1997,,"AT",,,
197410,"V",1997,,"AT",,,
197411,"V",1997,,"AT",,,
197412,"V",1997,,"AT",,,
197413,"V",1997,,"AT",,,
197414,"V",1997,,"AT",,,
197415,"V",1997,,"AT",,,
197416,"V",1997,,"AT",,,
197417,"V",1997,,"AT",,,
197418,"V",1997,,"AT",,,
197419,"V",1997,,"AT",,,
197420,"V",1997,,"AT",,,
197421,"V",1997,,"AT",,,
197422,"V",1997,,"AT",,,
197423,"V",1997,,"AT",,,
197424,"V",1997,,"AT",,,
197425,"V",1997,,"AT",,,
197426,"V",1997,,"AT",,,
197427,"V",1997,,"AT",,,
197428,"V",1997,,"AT",,,
197429,"V",1997,,"AT",,,
197430,"V",1997,,"AT",,,
197431,"V",1997,,"AT",,,
197432,"V",1997,,"AT",,,
197433,"V",1997,,"AT",,,
197434,"V",1997,,"AT",,,
197435,"V",1997,,"AT",,,
197436,"V",1997,,"AT",,,
197437,"V",1997,,"AT",,,
197438,"V",1997,,"AT",,,
197439,"V",1997,,"AT",,,
197440,"V",1997,,"AT",,,
197441,"V",1997,,"AT",,,
197442,"V",1997,,"AT",,,
197443,"V",1997,,"AT",,,
197444,"V",1997,,"AT",,,
197446,"V",1997,,"AT",,,
197447,"V",1997,,"AT",,,
197448,"V",1997,,"AT",,,
197449,"V",1997,,"AT",,,
197450,"V",1997,,"AT",,,
197451,"V",1997,,"AT",,,
197452,"V",1997,,"AT",,,
197453,"V",1997,,"AT",,,
197454,"V",1997,,"AT",,,
197455,"V",1997,,"AT",,,
197456,"V",1997,,"AT",,,
197457,"V",1997,,"AT",,,
197458,"V",1997,,"AT",,,
197459,"V",1997,,"AT",,,
197460,"V",1997,,"AT",,,
197461,"V",1997,,"AT",,,
197462,"V",1997,,"AT",,,
197463,"V",1997,,"AT",,,
197464,"V",1997,,"AT",,,
197465,"V",1997,,"AT",,,
197466,"V",1997,,"AT",,,
197467,"V",1997,,"AT",,,
197468,"V",1997,,"AT",,,
197469,"V",1997,,"AT",,,
197470,"V",1997,,"AT",,,
197471,"V",1997,,"AT",,,
197472,"V",1997,,"AT",,,
197473,"V",1997,,"AT",,,
197474,"V",1997,,"AT",,,
197475,"V",1997,,"AT",,,
197477,"V",1997,,"AT",,,
197478,"V",1997,,"AT",,,
197479,"V",1997,,"AT",,,
197480,"V",1997,,"AT",,,
197481,"V",1997,,"AT",,,
197482,"V",1997,,"AT",,,
197483,"V",1997,,"AT",,,
197484,"V",1997,,"AT",,,
197485,"V",1997,,"AT",,,
197486,"V",1997,,"AT",,,
197487,"V",1997,,"AT",,,
197488,"V",1997,,"AT",,,
197489,"V",1997,,"AT",,,
197490,"V",1997,,"AT",,,
197491,"V",1997,,"AT",,,
197492,"V",1997,,"AT",,,
197493,"V",1997,,"AT",,,
197494,"V",1997,,"AT",,,
197495,"V",1997,,"AT",,,
197496,"V",1997,,"AT",,,
197497,"V",1997,,"AT",,,
197498,"V",1997,,"AT",,,
197499,"V",1997,,"AT",,,
197501,"V",1997,,"AT",,,
197502,"V",1997,,"AT",,,
197503,"V",1997,,"AT",,,
197504,"V",1997,,"AT",,,
197510,"F",1997,,"AT",,,
197513,"F",1987,,"AT",,,
197514,"F",1992,,"AT",,"NP",
197525,"F",1992,,"AT",,,
197531,"F",1987,,"AT",,"NP",
197532,"F",1987,,"AT",,"NP",
197542,"F",1992,,"AT",,,
197544,"F",2000,,"AT",,,
197552,"F",1996,,"AT",,,
197554,"F",1997,,"AT",,,
197566,"F",1987,,"AT",,"NP",
197567,"F",1987,,"AT",,,
197568,"F",1987,,"AT",,,
197576,"F",1987,,"AT",,,
197577,"F",1970,,"AT",,,
197582,"F",1987,,"AT",,,
197598,"F",1995,,"AT",,,
197601,"F",2000,,"AT",,,
197602,"F",1992,,"AT",,"NP",
197608,"F",1987,,"AT",,,
197609,"F",1970,,"AT",,,
197616,"F",1987,,"AT",,,
197632,"F",1987,,"AT",,,
197634,"F",1987,,"AT",,,
197639,"F",1987,,"AT",,,
197641,"I",2005,,"AT",,,
197646,"F",1992,,"AT",,,
197649,"F",1987,,"AT",,,
197653,"F",1987,,"AT",,,
197657,"F",1987,,"AT",,"NP",
197661,"F",1987,,"AT",,,
197663,"F",1987,,"AT",,,
197665,"F",1992,,"AT",,,
197670,"F",1987,,"AT",,"NP",
197680,"F",1992,,"AT",,,
197682,"F",1996,,"AT",,,
197684,"F",1987,,"AT",,,
197687,"F",1987,,"AT",,,
197692,"F",1987,,"AT",,,
197699,"F",1987,,"AT",,,
197706,"F",1987,,"AT",,"NP",
197707,"F",1987,,"AT",,,
197709,"F",1987,,"AT",,"NP",
197713,"F",1987,,"AT",,,
197716,"F",1987,,"AT",,,
197717,"F",1987,,"AT",,,
197725,"F",1987,,"AT",,,
197727,"F",1987,,"AT",,,
197731,"I",1987,,"AT",,,
197737,"F",2000,,"AT",,,
197744,"F",1987,,"AT",,,
197749,"F",1987,,"AT",,,
197757,"F",1987,,"AT",,,
197764,"F",1987,,"AT",,,
197768,"F",1997,,"AT",,,
197774,"F",1987,,"AT",,,
197776,"F",1992,,"AT",,,
197778,"F",1987,,"AT",,,
197779,"F",1987,,"AT",,,
197780,"F",1992,,"AT",,,
197781,"F",1987,,"AT",,"NP",
197785,"F",1987,,"AT",,"NP",
197793,"F",1987,,"AT",,,
197802,"F",1992,,"AT",,"NP",
197809,"F",1987,,"AT",,,
197818,"F",1987,,"AT",,,
197819,"F",1987,,"AT",,,
197821,"F",2000,,"AT",,,
197824,"F",1987,,"AT",,,
197835,"F",1995,,"AT",,,
197840,"F",1987,,"AT",,,
197843,"F",1987,,"AT",,,
197857,"F",1997,,"AT",,,
197867,"F",1992,,"AT",,,
197868,"F",1987,,"AT",,,
197870,"F",1987,,"AT",,,
197872,"F",1987,,"AT",,,
197873,"F",1987,,"AT",,,
197879,"F",1987,,"AT",,,
197881,"F",1987,,"AT",,,
197883,"F",1987,,"AT",,,
197885,"F",1987,,"AT",,,
197900,"F",1987,,"AT",,,
197902,"F",1992,,"AT",,,
197904,"F",1987,,"AT",,"NP",
197909,"F",1992,,"AT",,,
197919,"F",1987,,"AT",,,
197927,"F",1987,,"AT",,,
197929,"F",1987,,"AT",,,
197941,"F",1987,,"AT",,,
197942,"F",1987,,"AT",,,
197944,"F",1987,,"AT",,,
197945,"F",2000,,"AT",,,
197950,"F",1987,,"AT",,,
197951,"F",1987,,"AT",,,
197952,"F",1987,,"AT",,,
197956,"V",1997,,"AT",,,
197961,"V",1997,,"AT",,,
197963,"V",1997,,"AT",,,
197965,"V",1997,,"AT",,,
197968,"V",1997,,"AT",,,
197970,"V",1997,,"AT",,,
197972,"V",1997,,"AT",,,
197974,"V",1997,,"AT",,,
197975,"V",1997,,"AT",,,
197976,"V",1997,,"AT",,,
197996,"V",1997,,"AT",,,
197999,"V",1997,,"AT",,,
198000,"V",1997,,"AT",,,
198003,"V",1997,,"AT",,,
198006,"V",1997,,"AT",,,
198015,"V",1997,,"AT",,,
198022,"V",1997,,"AT",,,
198025,"V",1997,,"AT",,,
198026,"V",1997,,"AT",,,
198029,"V",1997,,"AT",,,
198033,"V",1997,,"AT",,,
198034,"V",1997,,"AT",,,
198035,"V",1997,,"AT",,,
198036,"V",1997,,"AT",,,
198037,"V",1997,,"AT",,,
198044,"V",1997,,"AT",,,
198046,"V",1997,,"AT",,,
198047,"V",1997,,"AT",,,
198054,"V",1997,,"AT",,,
198060,"V",1997,,"AT",,,
198062,"V",1997,,"AT",,,
198065,"V",1997,,"AT",,,
198068,"V",1997,,"AT",,,
198072,"V",1997,,"AT",,,
198075,"V",1997,,"AT",,,
198076,"V",1997,,"AT",,,
198077,"V",1997,,"AT",,,
198078,"V",1997,,"AT",,,
198081,"V",1997,,"AT",,,
198087,"V",1997,,"AT",,,
198088,"V",1997,,"AT",,,
198092,"V",1997,,"AT",,,
198093,"V",1997,,"AT",,,
198095,"V",1997,,"AT",,,
198097,"V",1997,,"AT",,,
198098,"V",1997,,"AT",,,
198102,"V",1997,,"AT",,,
198103,"V",1997,,"AT",,,
198104,"V",1997,,"AT",,,
198109,"V",1997,,"AT",,,
198121,"V",1997,,"AT",,,
198134,"V",1997,,"AT",,,
198142,"V",1997,,"AT",,,
198149,"V",1997,,"AT",,,
198150,"V",1997,,"AT",,,
198151,"V",1997,,"AT",,,
198156,"V",1997,,"AT",,,
198165,"V",1997,,"AT",,,
198166,"V",1997,,"AT",,,
198171,"V",1997,,"AT",,,
198174,"V",1997,,"AT",,,
198175,"V",1997,,"AT",,,
198177,"V",1997,,"AT",,,
198185,"V",1997,,"AT",,,
198197,"V",1997,,"AT",,,
198200,"V",1997,,"AT",,,
198201,"V",1997,,"AT",,,
198202,"V",1997,,"AT",,,
198203,"V",1997,,"AT",,,
198217,"V",1997,,"AT",,,
198218,"V",1997,,"AT",,,
198219,"V",1997,,"AT",,,
198228,"V",1997,,"AT",,,
198229,"V",1997,,"AT",,,
198230,"V",1997,,"AT",,,
198234,"V",1997,,"AT",,,
198237,"V",1997,,"AT",,,
198238,"V",1997,,"AT",,,
198248,"V",1997,,"AT",,,
198251,"V",1997,,"AT",,,
198259,"V",1997,,"AT",,,
198260,"V",1997,,"AT",,,
198266,"V",1997,,"AT",,,
198267,"V",1997,,"AT",,,
198269,"V",1997,,"AT",,,
198276,"V",1997,,"AT",,,
198277,"V",1997,,"AT",,,
198279,"V",1997,,"AT",,,
198282,"V",1997,,"AT",,,
198286,"V",1997,,"AT",,,
198290,"V",1997,,"AT",,,
198295,"V",1997,,"AT",,,
198296,"V",1997,,"AT",,,
198297,"V",1997,,"AT",,,
198300,"V",1997,,"AT",,,
198304,"V",1997,,"AT",,,
198306,"V",1997,,"AT",,,
198309,"V",1997,,"AT",,,
198314,"V",1997,,"AT",,,
198317,"V",1997,,"AT",,,
198320,"V",1997,,"AT",,,
198322,"V",1997,,"AT",,,
198326,"V",1997,,"AT",,,
198328,"V",1997,,"AT",,,
198330,"V",1997,,"AT",,,
198341,"V",1997,,"AT",,,
198345,"V",1997,,"AT",,,
198348,"V",1997,,"AT",,,
198352,"V",1997,,"AT",,,
198353,"V",1997,,"AT",,,
198356,"V",1997,,"AT",,,
198357,"V",1997,,"AT",,,
198361,"V",1997,,"AT",,,
198368,"V",1997,,"AT",,,
198372,"V",1997,,"AT",,,
198379,"V",1997,,"AT",,,
198380,"V",1997,,"AT",,,
198386,"V",1997,,"AT",,,
198391,"V",1997,,"AT",,,
198394,"V",1997,,"AT",,,
198397,"V",1997,,"AT",,,
198398,"V",1997,,"AT",,,
198404,"V",1997,,"AT",,,
198409,"V",1997,,"AT",,,
198410,"V",1997,,"AT",,,
198413,"V",1997,,"AT",,,
198420,"V",1997,,"AT",,,
198421,"V",1997,,"AT",,,
198422,"V",1997,,"AT",,,
198423,"V",1997,,"AT",,,
198429,"V",1997,,"AT",,,
198432,"V",1997,,"AT",,,
198437,"V",1997,,"AT",,,
198441,"V",1997,,"AT",,,
198444,"V",1997,,"AT",,,
198445,"V",1997,,"AT",,,
198446,"V",1997,,"AT",,,
198452,"V",1997,,"AT",,,
198455,"V",1997,,"AT",,,
198456,"V",1997,,"AT",,,
198459,"V",1997,,"AT",,,
198462,"V",1997,,"AT",,,
198463,"V",1997,,"AT",,,
198467,"V",1997,,"AT",,,
198470,"V",1997,,"AT",,,
198473,"V",1997,,"AT",,,
198477,"V",1997,,"AT",,,
198480,"V",1997,,"AT",,,
198481,"V",1997,,"AT",,,
198482,"V",1997,,"AT",,,
198488,"V",1997,,"AT",,,
198492,"V",1997,,"AT",,,
198495,"V",1997,,"AT",,,
198501,"V",1997,,"AT",,,
198512,"V",1997,,"AT",,,
198513,"V",1997,,"AT",,,
198519,"V",1997,,"AT",,,
198523,"V",1997,,"AT",,,
198528,"V",1997,,"AT",,,
198537,"V",1997,,"AT",,,
198540,"V",1997,,"AT",,,
198542,"V",1997,,"AT",,,
198544,"V",1997,,"AT",,,
198546,"V",1997,,"AT",,,
198554,"V",1997,,"AT",,,
198559,"V",1997,,"AT",,,
198564,"V",1997,,"AT",,,
198566,"V",1997,,"AT",,,
198574,"V",1997,,"AT",,,
198579,"V",1997,,"AT",,,
198580,"V",1997,,"AT",,,
198588,"V",1997,,"AT",,,
198609,"V",1997,,"AT",,,
198612,"V",1997,,"AT",,,
198614,"V",1997,,"AT",,,
198620,"V",1997,,"AT",,,
198621,"V",1997,,"AT",,,
198625,"V",1997,,"AT",,,
198626,"V",1997,,"AT",,,
198627,"V",1997,,"AT",,,
198629,"V",1997,,"AT",,,
198633,"V",1997,,"AT",,,
198641,"V",1997,,"AT",,,
198642,"V",1997,,"AT",,,
198645,"V",1997,,"AT",,,
198648,"V",1997,,"AT",,,
198652,"V",1997,,"AT",,,
198659,"V",1997,,"AT",,,
198660,"V",1997,,"AT",,,
198664,"V",1997,,"AT",,,
198666,"V",1997,,"AT",,,
198675,"V",1997,,"AT",,,
198680,"V",1997,,"AT",,,
198687,"V",1997,,"AT",,,
198690,"V",1997,,"AT",,,
198695,"V",1997,,"AT",,,
198696,"V",1997,,"AT",,,
198702,"V",1997,,"AT",,,
198703,"V",1997,,"AT",,,
198704,"V",1997,,"AT",,,
198707,"V",1997,,"AT",,,
198710,"V",1997,,"AT",,,
198716,"V",1997,,"AT",,,
198717,"V",1997,,"AT",,,
198724,"V",1997,,"AT",,,
198725,"V",1997,,"AT",,,
198746,"V",1997,,"AT",,,
198747,"V",1997,,"AT",,,
198750,"V",1997,,"AT",,,
198751,"V",1997,,"AT",,,
198752,"V",1997,,"AT",,,
198760,"V",1997,,"AT",,,
198761,"V",1997,,"AT",,,
198763,"V",1997,,"AT",,,
198771,"V",1997,,"AT",,,
198773,"V",1997,,"AT",,,
198775,"V",1997,,"AT",,,
198778,"V",1997,,"AT",,,
198785,"V",1997,,"AT",,,
198795,"V",1997,,"AT",,,
198796,"V",1997,,"AT",,,
198797,"V",1997,,"AT",,,
198798,"V",1997,,"AT",,,
198801,"V",1997,,"AT",,,
198802,"V",1997,,"AT",,,
198803,"V",1997,,"AT",,,
198804,"V",1997,,"AT",,,
198805,"V",1997,,"AT",,,
198807,"V",1997,,"AT",,,
198813,"V",1997,,"AT",,,
198815,"V",1997,,"AT",,,
198820,"V",1997,,"AT",,,
198822,"V",1997,,"AT",,,
198825,"V",1997,,"AT",,,
198830,"V",1997,,"AT",,,
198833,"V",1997,,"AT",,,
198841,"V",1997,,"AT",,,
198844,"V",1997,,"AT",,,
198845,"V",1997,,"AT",,,
198854,"V",1997,,"AT",,,
198856,"V",1997,,"AT",,,
198857,"V",1997,,"AT",,,
198862,"V",1997,,"AT",,,
198868,"V",1997,,"AT",,,
198875,"V",1997,,"AT",,,
198879,"V",1997,,"AT",,,
198889,"V",1997,,"AT",,,
198890,"V",1997,,"AT",,,
198894,"V",1997,,"AT",,,
198901,"V",1997,,"AT",,,
198902,"V",1997,,"AT",,,
198903,"V",1997,,"AT",,,
198904,"V",1997,,"AT",,,
198907,"V",1997,,"AT",,,
206532,"F",1997,,"AT",,,
206536,"F",1997,,"AT",,,
206544,"F",1997,,"AT",,,
206545,"F",1997,,"AT",,,
206547,"F",1997,,"AT",,,
206548,"F",1997,,"AT",,,
206550,"F",1997,,"AT",,"NP",
206553,"F",1994,,"AT",,,
206557,"F",1997,,"AT",,,
206559,"F",1997,,"AT",,,
206567,"F",1997,,"AT",,,
206568,"F",1997,,"AT",,,
206575,"F",1997,,"AT",,,
206576,"F",1997,,"AT",,,
206583,"F",1997,,"AT",,,
206584,"F",1997,,"AT",,,
206587,"F",1997,,"AT",,,
206589,"F",1997,,"AT",,,
206606,"F",1997,,"AT",,,
206607,"F",1997,,"AT",,,
206612,"F",1997,,"AT",,,
206614,"F",1997,,"AT",,,
206615,"F",1997,,"AT",,,
206618,"F",1997,,"AT",,,
206619,"F",1997,,"AT",,,
206621,"F",1997,,"AT",,,
206623,"F",1994,,"AT",,,
206628,"F",1997,,"AT",,"R",
206635,"F",1997,,"AT",,,
206646,"F",1994,,"AT",,,
206647,"F",1994,,"AT",,,
206652,"F",1997,,"AT",,,
206656,"F",1997,,"AT",,,
206662,"F",1997,,"AT",,,
206663,"F",1997,,"AT",,,
206664,"F",1997,,"AT",,,
206669,"F",1997,,"AT",,,
206670,"F",1997,,"AT",,,
206676,"F",1997,,"AT",,,
206682,"F",1997,,"AT",,,
206683,"F",1997,,"AT",,,
206685,"F",1997,,"AT",,,
206689,"F",1997,,"AT",,,
206690,"F",1994,,"AT",,,
206696,"F",1997,,"AT",,,
206697,"F",1997,,"AT",,,
206698,"F",1997,,"AT",,,
206707,"F",1997,,"AT",,,
206708,"F",1997,,"AT",,,
206710,"F",1997,,"AT",,,
206712,"F",1997,,"AT",,"NP",
206715,"F",1997,,"AT",,,
206716,"F",1997,,"AT",,,
206718,"F",1997,,"AT",,,
206724,"F",1997,,"AT",,,
206725,"F",1997,,"AT",,,
206732,"F",1994,,"AT",,,
206734,"F",1994,,"AT",,"R",
206737,"F",1997,,"AT",,,
206738,"F",1997,,"AT",,,
206740,"F",1997,,"AT",,,
206741,"F",1997,,"AT",,,
206743,"F",1997,,"AT",,,
206749,"F",1997,,"AT",,,
206754,"F",1997,,"AT",,,
206757,"F",1997,,"AT",,,
206758,"F",1997,,"AT",,"R",
206765,"F",1997,,"AT",,,
206771,"F",1997,,"AT",,,
206775,"F",1997,,"AT",,,
206779,"F",1997,,"AT",,,
206780,"F",1997,,"AT",,,
206785,"F",1994,,"AT",,,
206788,"F",1997,,"AT",,,
206789,"F",1997,,"AT",,,
206793,"F",1997,,"AT",,,
206794,"F",1997,,"AT",,,
206796,"F",1997,,"AT",,,
206797,"F",1997,,"AT",,,
206798,"F",1994,,"AT",,,
206801,"F",1997,,"AT",,,
206810,"F",1997,,"AT",,,
206818,"F",1997,,"AT",,,
206822,"F",1997,,"AT",,,
206824,"F",1997,,"AT",,"R",
206826,"F",1997,,"AT",,,
206832,"F",1997,,"AT",,,
206833,"F",1997,,"AT",,,
206847,"F",1997,,"AT",,,
206848,"F",1997,,"AT",,,
206851,"F",1997,,"AT",,,
206863,"F",1997,,"AT",,,
206866,"F",1997,,"AT",,,
206871,"F",1997,,"AT",,,
206872,"F",1997,,"AT",,,
206876,"F",1997,,"AT",,,
206879,"F",1997,,"AT",,,
206882,"F",1994,,"AT",,,
206884,"F",1997,,"AT",,,
206888,"F",1997,,"AT",,,
206889,"F",1997,,"AT",,,
206891,"F",1997,,"AT",,,
206898,"F",1997,,"AT",,,
206901,"F",1997,,"AT",,,
206906,"F",1997,,"AT",,,
206917,"F",1997,,"AT",,,
206918,"F",1997,,"AT",,,
206919,"F",1997,,"AT",,,
206925,"F",1997,,"AT",,,
206937,"F",1997,,"AT",,,
206941,"F",1997,,"AT",,,
206947,"F",1997,,"AT",,,
206951,"F",1997,,"AT",,,
206952,"F",1997,,"AT",,,
206955,"F",1997,,"AT",,,
206968,"F",1995,,"AT",,,
206971,"F",1970,,"AT",,,
206972,"F",1996,,"AT",,,
206975,"F",1995,,"AT",,,
206979,"F",1987,,"AT",,,
206982,"F",1987,,"AT",,,
207001,"F",1995,,"AT",,,
207002,"F",1970,,"AT",,,
207022,"F",1987,,"AT",,,
207041,"F",1995,,"AT",,,
207043,"F",1991,,"AT",,,
207047,"F",1970,,"AT",,,
207050,"F",1987,,"AT",,,
207059,"F",1995,,"AT",,,
207067,"F",1987,,"AT",,,
207076,"F",1987,,"AT",,,
207090,"F",1987,,"AT",,,
207097,"F",1970,,"AT",,,
207124,"F",1995,,"AT",,,
207125,"F",1987,,"AT",,,
207131,"F",1987,,"AT",,,
207134,"F",1987,,"AT",,,
207139,"F",1987,,"AT",,,
207159,"F",1970,,"AT",,,
207161,"F",1987,,"AT",,,
207170,"F",1970,,"AT",,,
207177,"F",1987,,"AT",,,
207182,"F",1987,,"AT",,,
207183,"F",1987,,"AT",,,
207188,"F",1987,,"AT",,,
207201,"F",1995,,"AT",,,
207203,"F",1995,,"AT",,,
207206,"F",1987,,"AT",,,
207214,"F",1970,,"AT",,,
207227,"F",1995,,"AT",,,
207228,"F",1987,,"AT",,,
207237,"F",1987,,"AT",,,
207243,"F",1995,,"AT",,,
207263,"F",1987,,"AT",,,
207267,"F",1987,,"AT",,,
207270,"F",1970,,"AT",,,
207286,"F",1987,,"AT",,,
207299,"F",1987,,"AT",,,
207315,"F",1987,,"AT",,,
207321,"F",1970,,"AT",,,
207325,"F",1987,,"AT",,,
207329,"F",1996,,"AT",,,
207339,"F",1970,,"AT",,,
207359,"F",1970,,"AT",,,
207360,"F",1987,,"AT",,,
207682,"F",1997,,"AT",,,
207690,"F",1997,,"AT",,,
207699,"F",1997,,"AT",,,
207701,"F",1997,,"AT",,,
207705,"F",1997,,"AT",,,
207746,"F",1997,,"AT",,,
207754,"F",1997,,"AT",,,
207772,"F",1993,,"AT",,,
207793,"F",1997,,"AT",,,
207818,"F",1997,,"AT",,,
207819,"F",1997,,"AT",,,
207833,"F",1997,,"AT",,,
207882,"F",1997,,"AT",,,
207883,"F",1997,,"AT",,,
207892,"F",1997,,"AT",,,
207893,"F",1993,,"AT",,,
207901,"F",1997,,"AT",,,
207909,"F",1997,,"AT",,,
207937,"F",1997,,"AT",,,
207950,"F",1997,,"AT",,,
207960,"F",1997,,"AT",,,
207984,"F",1997,,"AT",,,
207985,"F",1997,,"AT",,,
208014,"F",1993,,"AT",,,
208015,"F",1997,,"AT",,,
208016,"F",1997,,"AT",,,
208017,"F",1997,,"AT",,,
208046,"F",1997,,"AT",,,
208056,"F",1997,,"AT",,,
208060,"F",1997,,"AT",,,
208062,"F",1997,,"AT",,,
208063,"F",1997,,"AT",,,
208081,"F",1997,,"AT",,,
208093,"F",1997,,"AT",,,
208109,"F",1997,,"AT",,,
208123,"F",1997,,"AT",,,
208128,"F",1997,,"AT",,,
208161,"F",1997,,"AT",,,
208165,"F",1997,,"AT",,,
208183,"F",1997,,"AT",,,
208187,"F",1997,,"AT",,,
208193,"F",1997,,"AT",,,
208207,"F",1997,,"AT",,,
208245,"F",1997,,"AT",,,
208264,"F",1997,,"AT",,,
208268,"F",1997,,"AT",,,
208278,"F",1997,,"AT",,,
208280,"F",1997,,"AT",,,
208285,"F",1997,,"AT",,,
208288,"F",1997,,"AT",,,
208303,"F",1997,,"AT",,"OR",
208310,"F",1997,,"AT",,,
208327,"F",1997,,"AT",,"OR",
208331,"F",1997,,"AT",,,
208339,"F",1997,,"AT",,,
208359,"F",1997,,"AT",,,
208374,"F",1997,,"AT",,,
208386,"F",1997,,"AT",,,
208394,"F",1997,,"AT",,,
208395,"F",1997,,"AT",,,
208414,"F",1997,,"AT",,,
208415,"F",1997,,"AT",,,
208422,"F",1997,,"AT",,,
208428,"F",1997,,"AT",,,
208429,"F",1997,,"AT",,,
208436,"F",1997,,"AT",,,
208455,"F",1997,,"AT",,,
208463,"F",1997,,"AT",,,
208465,"F",1997,,"AT",,,
208473,"F",1997,,"AT",,,
208480,"F",1997,,"AT",,,
208494,"F",1997,,"AT",,,
